id,name,email,age,city
1,Jessica Higgins,mirandaamy@example.com,19,Josemouth
2,Mercedes Barnes,dunnelizabeth@example.com,78,Elizabethfort
3,Amanda Campbell,harold69@example.org,22,South Darrellmouth
4,Mrs. Meghan Newton,jesusbenson@example.org,51,South John
5,Adam Thompson,sarahmiller@example.com,35,Stevensbury
6,Jacqueline Dixon,msanchez@example.net,42,Lake Emma
7,Amber Hooper,jamesrush@example.net,35,Katrinabury
8,Veronica Garcia,reesekevin@example.org,79,Port Patricia
9,Jennifer Romero,shannonwalker@example.com,43,Ronaldtown
10,Mark Gates,brian16@example.com,43,Williamsmouth
11,Taylor Edwards,davidcollier@example.org,18,Cynthiaville
12,Destiny Johnson,kristiharrell@example.org,53,Tuckermouth
13,Meghan Richardson,gcarter@example.org,58,Deanberg
14,Katie Waters,hhale@example.org,33,Blairport
15,David Webb,rachellee@example.net,50,Bensonfurt
16,Angela Ochoa,briggsnathan@example.com,30,Lake Brian
17,Michael Miller,epittman@example.org,50,New Lisaside
18,Rebecca Robertson,jameswhite@example.com,30,Robertland
19,Cindy Gomez,anthonystokes@example.com,43,West Julie
20,Corey Smith,wdillon@example.net,30,Yolandaton
21,Amber Wood,john07@example.com,54,Charleshaven
22,Anna Hunt,darrell34@example.net,46,Port Christopher
23,Alicia Bishop,hollysmith@example.net,62,Molinatown
24,David Wiley,laurenrogers@example.com,21,Harristown
25,Daniel Ramos,gonzalezrobin@example.com,79,Karenshire
26,Brittany Patterson,joshuarichardson@example.com,45,Port Brian
27,Scott Clark,youngjames@example.org,52,Port Brandon
28,Karla Tran,virginia58@example.org,50,Larsonfort
29,Vickie House,reedadrian@example.org,28,Lake Angela
30,Brandon Glover,ccross@example.org,63,Bennettstad
31,Andrea Smith,fruiz@example.com,34,Cookview
32,Dawn Smith,ramirezheather@example.net,42,West Jacqueline
33,Jo Lewis,thuynh@example.com,27,North Jose
34,Jared Long,melissa01@example.org,24,Jacksonbury
35,Jason Williams,deanna70@example.org,52,Owenhaven
36,Christopher Garcia,david98@example.net,59,New Timothystad
37,James Khan,matthew49@example.net,58,Ginahaven
38,Timothy Martin,perkinskaren@example.org,40,Colonshire
39,Sarah Peters,pamelasullivan@example.com,61,Singhfurt
40,Gabriel Little Jr.,alexandra55@example.com,63,Joshuastad
41,Darren Saunders,kathrynhaas@example.org,28,Catherinebury
42,Donald Villarreal,daniel55@example.net,79,Patrickstad
43,Andrew Ruiz,rebecca14@example.net,52,Sullivanberg
44,Ashley Jones,stephanie44@example.com,23,West Pamela
45,Rebecca Cooper,tiffany21@example.com,26,Lloydfort
46,William Ramirez,sarahbrown@example.com,40,Robertfort
47,Ryan Smith,sanchezmariah@example.org,47,Port Shannon
48,Johnathan Anthony,rodriguezstephen@example.com,45,Zimmermanview
49,Steven Blevins,carolmerritt@example.com,22,Juliebury
50,Matthew Rodriguez,jeffrey11@example.net,26,Davidbury
51,Alexander Kennedy,catherinecarter@example.com,26,Port John
52,Danny Price,earroyo@example.com,48,Mezaborough
53,Pam Miller,woodskatie@example.com,48,West Christy
54,Dr. Jordan Rodriguez,elizabethhamilton@example.net,37,Port Savannah
55,Micheal Kim,sjones@example.com,41,Port Kellyland
56,Travis Beard,kellyheather@example.org,41,New Jennifer
57,Mark Miranda,carrie79@example.com,46,Reedtown
58,Christopher Hunt,twatson@example.net,26,Willieton
59,Deanna Floyd,douglas88@example.org,71,Juliestad
60,Heidi Wilson,paul95@example.net,79,Port Bobbymouth
61,Mark Stewart,pdouglas@example.com,36,South Andreamouth
62,Francis Hanson,lynnreese@example.com,41,Sharonshire
63,Traci Hunt,xparker@example.net,38,North Josephberg
64,John Coffey,fred30@example.org,51,Patrickshire
65,Mark Phillips,monicareed@example.net,77,Phillipsfort
66,Monique Archer,vcampbell@example.net,71,North Daniel
67,Tamara Collins,smithmelissa@example.com,19,Smithbury
68,Mario Monroe,christianpayne@example.com,58,West Nicholasville
69,Craig Rogers,christopher69@example.org,42,Maryville
70,Scott Frazier,haley81@example.org,56,North Frank
71,Ashley Moore,miranda95@example.com,24,Shelleybury
72,Ashley Mays,cknapp@example.net,24,Kellybury
73,Mark Saunders,xsmith@example.net,77,Danielburgh
74,Donald Garcia,idickerson@example.com,77,Martinstad
75,Jennifer Freeman,markmarquez@example.net,59,Mooreville
76,Amber Jones,amanda49@example.net,60,Ruizfort
77,Brandon Martin,kevin10@example.com,29,Jeffreyhaven
78,Richard Small,ufloyd@example.com,46,Port Karla
79,Brandon Diaz,zmadden@example.com,31,Jennamouth
80,Shawn Young,xjones@example.org,61,East Michaelborough
81,Katherine Lambert,ortizangela@example.net,57,Harrisburgh
82,Shannon Boyd,michael23@example.com,68,Natashafurt
83,Sharon Mcclure,osmith@example.com,70,South Alexis
84,Seth Morris,cynthiamatthews@example.net,35,West Steven
85,Jason Trujillo,lopezbradley@example.net,65,Jameston
86,Lisa Lee,martinezhenry@example.net,40,South Mariah
87,Matthew Smith,smiller@example.net,40,Johntown
88,Patricia Morton,perezmisty@example.org,77,Pattersonberg
89,Michelle Browning,ruth59@example.org,36,Mendozaland
90,Nicole Parker,rmcguire@example.net,43,South Kristine
91,James Fletcher,davidshaw@example.org,66,Harrisside
92,Eric Ruiz,smithcory@example.com,26,Kyleton
93,Jennifer Soto,joneschristine@example.com,32,Bennettborough
94,Ashley Huffman,dwaynelawrence@example.com,36,South Danielview
95,Stephanie Jackson MD,ohorne@example.com,26,Port Sherrimouth
96,Brittany Jones,rhodesolivia@example.net,40,New Darius
97,Michelle Moody,christy69@example.net,49,Andersenstad
98,Rebecca Haynes,nestrada@example.com,67,East Alexandraborough
99,Brian Strickland,daniel50@example.net,74,New Caroline
100,Samantha Campbell,kathryn91@example.org,73,West Steven
